{"cameraMode":{"drawMode":0,"name":"Shaded","section":"Shading Mode"},"sceneLighting":true,"audioPlay":false,"sceneViewState":{"showFog":true,"showMaterialUpdate":false,"showSkybox":true,"showFlares":true,"showImageEffects":true,"showParticleSystems":true},"in2DMode":false,"pivot":{"x":-1.0454949140548707,"y":2.8317954540252687,"z":8.351591110229493},"rotation":{"x":0.0690600648522377,"y":0.7480655908584595,"z":0.07883680611848831,"w":-0.6552964448928833},"size":11.11503791809082,"orthographic":false}